/*M!999999\- enable the sandbox mode */ 
-- MariaDB dump 10.19  Distrib 10.11.13-MariaDB, for debian-linux-gnu (x86_64)
--
-- Host: localhost    Database: mercedesBus
-- ------------------------------------------------------
-- Server version	10.11.13-MariaDB-0ubuntu0.24.04.1

/*!40101 SET @OLD_CHARACTER_SET_CLIENT=@@CHARACTER_SET_CLIENT */;
/*!40101 SET @OLD_CHARACTER_SET_RESULTS=@@CHARACTER_SET_RESULTS */;
/*!40101 SET @OLD_COLLATION_CONNECTION=@@COLLATION_CONNECTION */;
/*!40101 SET NAMES utf8mb4 */;
/*!40103 SET @OLD_TIME_ZONE=@@TIME_ZONE */;
/*!40103 SET TIME_ZONE='+00:00' */;
/*!40014 SET @OLD_UNIQUE_CHECKS=@@UNIQUE_CHECKS, UNIQUE_CHECKS=0 */;
/*!40014 SET @OLD_FOREIGN_KEY_CHECKS=@@FOREIGN_KEY_CHECKS, FOREIGN_KEY_CHECKS=0 */;
/*!40101 SET @OLD_SQL_MODE=@@SQL_MODE, SQL_MODE='NO_AUTO_VALUE_ON_ZERO' */;
/*!40111 SET @OLD_SQL_NOTES=@@SQL_NOTES, SQL_NOTES=0 */;

--
-- Table structure for table `admin_articulos_conceptos`
--

DROP TABLE IF EXISTS `admin_articulos_conceptos`;
/*!40101 SET @saved_cs_client     = @@character_set_client */;
/*!40101 SET character_set_client = utf8mb4 */;
CREATE TABLE `admin_articulos_conceptos` (
  `id` int(11) NOT NULL AUTO_INCREMENT,
  `nombre` varchar(255) NOT NULL,
  `activo` tinyint(1) NOT NULL,
  `circuito` int(11) NOT NULL,
  `alicuota_iva` double DEFAULT NULL,
  PRIMARY KEY (`id`)
) ENGINE=InnoDB AUTO_INCREMENT=15 DEFAULT CHARSET=utf8mb4 COLLATE=utf8mb4_unicode_ci;
/*!40101 SET character_set_client = @saved_cs_client */;

--
-- Dumping data for table `admin_articulos_conceptos`
--

LOCK TABLES `admin_articulos_conceptos` WRITE;
/*!40000 ALTER TABLE `admin_articulos_conceptos` DISABLE KEYS */;
INSERT INTO `admin_articulos_conceptos` VALUES
(1,'Servicio Trasaldo Personal',1,1,10.5),
(2,'Servicios Turismo',1,1,10.5),
(3,'GASOIL COMUN',1,2,10.5),
(4,'MASTERFOOD MERCEDES',1,1,10.5),
(5,'MASTERFOOD LUJAN',1,1,10.5),
(6,'TRASPORTE DE CARGA',1,1,21),
(7,'ESUCO, MICRO, NAVARRO, QUINCENAL',1,1,10.5),
(8,'ESUCO, MICRO, MERCEDES, QUINCENAL',1,1,10.5),
(9,'ESUCO , SABADOS. DESDE MERCEDES. POR MICRO',1,1,10.5),
(10,'MANTENIMIENTO MECANICA',1,1,21),
(11,'TRASLADOS',1,1,0),
(12,'TRASLADOS ESUCO, MINI BUS , MERCEDES, QUINCENAL',1,1,10.5),
(13,'ESUCO, PLANTA DEPURADORA MERCEDES, MINI BUS, QUINCENAL,',1,1,10.5),
(14,'ESUCO, SABADO MINI BUS, MERCEDES',1,1,10.5);
/*!40000 ALTER TABLE `admin_articulos_conceptos` ENABLE KEYS */;
UNLOCK TABLES;

--
-- Table structure for table `admin_articulos_conceptos_clientes`
--

DROP TABLE IF EXISTS `admin_articulos_conceptos_clientes`;
/*!40101 SET @saved_cs_client     = @@character_set_client */;
/*!40101 SET character_set_client = utf8mb4 */;
CREATE TABLE `admin_articulos_conceptos_clientes` (
  `id` int(11) NOT NULL AUTO_INCREMENT,
  `id_ente_comercial` int(11) DEFAULT NULL,
  `id_articulo` int(11) DEFAULT NULL,
  `importe` double NOT NULL,
  `ciclo_facturacion` int(11) NOT NULL,
  `circuito` int(11) DEFAULT NULL,
  `activo` tinyint(1) NOT NULL,
  `fecha_actualizacion` date NOT NULL,
  PRIMARY KEY (`id`),
  KEY `IDX_24523690557E7E9D` (`id_ente_comercial`),
  KEY `IDX_245236903932A204` (`id_articulo`),
  CONSTRAINT `FK_245236903932A204` FOREIGN KEY (`id_articulo`) REFERENCES `admin_articulos_conceptos` (`id`),
  CONSTRAINT `FK_24523690557E7E9D` FOREIGN KEY (`id_ente_comercial`) REFERENCES `admin_entes_comerciales` (`id`)
) ENGINE=InnoDB AUTO_INCREMENT=9 DEFAULT CHARSET=utf8mb4 COLLATE=utf8mb4_unicode_ci;
/*!40101 SET character_set_client = @saved_cs_client */;

--
-- Dumping data for table `admin_articulos_conceptos_clientes`
--

LOCK TABLES `admin_articulos_conceptos_clientes` WRITE;
/*!40000 ALTER TABLE `admin_articulos_conceptos_clientes` DISABLE KEYS */;
INSERT INTO `admin_articulos_conceptos_clientes` VALUES
(1,8,4,23329.54,30,NULL,1,'2025-08-18'),
(2,8,5,20402.56,30,NULL,1,'2025-08-18'),
(3,3,7,4250000,15,NULL,1,'2025-08-18'),
(4,3,8,5507312.5,15,NULL,1,'2025-08-18'),
(5,3,9,500664.77,15,NULL,1,'2025-08-18'),
(6,3,12,3292015.5,15,NULL,1,'2025-09-17'),
(7,3,13,2200000,15,NULL,1,'2025-09-17'),
(8,3,14,299274.13,15,NULL,1,'2025-09-17');
/*!40000 ALTER TABLE `admin_articulos_conceptos_clientes` ENABLE KEYS */;
UNLOCK TABLES;

--
-- Table structure for table `admin_comprobantes_transaccion`
--

DROP TABLE IF EXISTS `admin_comprobantes_transaccion`;
/*!40101 SET @saved_cs_client     = @@character_set_client */;
/*!40101 SET character_set_client = utf8mb4 */;
CREATE TABLE `admin_comprobantes_transaccion` (
  `id` int(11) NOT NULL AUTO_INCREMENT,
  `id_tpo_comp` int(11) DEFAULT NULL,
  `id_letra` int(11) DEFAULT NULL,
  `id_ente_comercial` int(11) DEFAULT NULL,
  `fecha` date NOT NULL,
  `punto_venta` int(11) DEFAULT NULL,
  `numero` int(11) NOT NULL,
  `documento_pdf` longblob DEFAULT NULL,
  `precio_total_sin_iva` double DEFAULT NULL,
  `precio_total_con_iva` double NOT NULL,
  `precio_iva` double DEFAULT NULL,
  `afecta_cta_cte` tinyint(1) NOT NULL,
  `discr` varchar(255) NOT NULL,
  `visible` tinyint(1) NOT NULL,
  `id_empresa_grupo` int(11) NOT NULL,
  `deleted_at` datetime DEFAULT NULL COMMENT '(DC2Type:datetime_immutable)',
  `saldo_acancelar` double DEFAULT NULL,
  `monto_aplicado` double DEFAULT NULL,
  `eliminado` tinyint(1) NOT NULL DEFAULT 0,
  PRIMARY KEY (`id`),
  KEY `IDX_A30E9E2A5824290E` (`id_tpo_comp`),
  KEY `IDX_A30E9E2ACD9A166` (`id_letra`),
  KEY `IDX_A30E9E2A557E7E9D` (`id_ente_comercial`),
  KEY `IDX_A30E9E2AB6FD573F` (`id_empresa_grupo`),
  CONSTRAINT `FK_A30E9E2A557E7E9D` FOREIGN KEY (`id_ente_comercial`) REFERENCES `admin_entes_comerciales` (`id`),
  CONSTRAINT `FK_A30E9E2A5824290E` FOREIGN KEY (`id_tpo_comp`) REFERENCES `admin_tipos_comprobante` (`id`),
  CONSTRAINT `FK_A30E9E2AB6FD573F` FOREIGN KEY (`id_empresa_grupo`) REFERENCES `admin_entes_comerciales` (`id`),
  CONSTRAINT `FK_A30E9E2ACD9A166` FOREIGN KEY (`id_letra`) REFERENCES `admin_identificacion_comprobante` (`id`)
) ENGINE=InnoDB AUTO_INCREMENT=103 DEFAULT CHARSET=utf8mb4 COLLATE=utf8mb4_unicode_ci;
/*!40101 SET character_set_client = @saved_cs_client */;

--
-- Dumping data for table `admin_comprobantes_transaccion`
--

LOCK TABLES `admin_comprobantes_transaccion` WRITE;
/*!40000 ALTER TABLE `admin_comprobantes_transaccion` DISABLE KEYS */;
INSERT INTO `admin_comprobantes_transaccion` VALUES
(1,1,1,3,'2025-08-01',1,1,NULL,135746.60633484,150000,14253.393665158,1,'CC',1,1,'2025-08-02 13:01:35',135000,NULL,0),
(2,NULL,NULL,3,'2025-08-01',NULL,2,NULL,NULL,15000,NULL,1,'RE',1,1,'2025-08-02 13:01:29',NULL,15000,0),
(3,1,1,2,'2025-08-15',NULL,1,NULL,2011060.6334842,2222222,211161.36651584,1,'CC',1,1,'2025-08-21 12:58:32',2222222,NULL,0),
(4,1,1,2,'2025-09-06',NULL,2,NULL,111714.9321267,123445,11730.067873303,1,'CC',1,1,'2025-08-18 20:24:46',123445,NULL,0),
(5,1,1,4,'2025-08-29',1,2,NULL,135746606.33484,150000000,14253393.665158,1,'CP',1,1,'2025-08-02 13:47:12',NULL,NULL,0),
(6,NULL,NULL,4,'2025-08-16',NULL,4,NULL,NULL,20000,NULL,1,'RE',1,1,'2025-08-02 13:47:14',NULL,0,0),
(7,1,1,7,'2025-07-01',2,86,NULL,8499960,9392455.8,892495.8,1,'CC',1,1,NULL,0,NULL,0),
(8,1,1,7,'2025-07-03',2,87,NULL,9199980,10165977.9,965997.9,1,'CC',1,1,NULL,0,NULL,0),
(9,1,1,7,'2025-07-03',2,88,NULL,9499950,10497444.75,997494.75,1,'CC',1,1,NULL,0,NULL,0),
(10,1,1,7,'2025-07-03',2,89,NULL,18299880,20221367.4,1921487.4,1,'CC',1,1,NULL,0,NULL,0),
(12,1,1,7,'2025-08-01',2,92,NULL,8499960,9392455.8,892495.8,1,'CC',1,1,'2025-08-05 20:16:28',9392455.8,NULL,0),
(13,1,1,3,'2025-07-01',2,424,NULL,350000,386750,36750,1,'CC',1,1,NULL,0,NULL,0),
(14,1,1,7,'2025-07-21',2,436,NULL,11014624.995475,12171160.62,1156535.6245249,1,'CC',1,1,'2025-08-18 20:13:32',12171160.62,NULL,0),
(15,1,1,3,'2025-07-21',2,436,NULL,16521937.493213,18256740.93,1734803.4367873,1,'CC',1,1,NULL,11343259.07,NULL,0),
(16,NULL,NULL,3,'2025-07-28',NULL,8,NULL,NULL,386750,NULL,1,'RE',1,1,NULL,NULL,386750,0),
(17,1,1,3,'2025-08-01',2,442,NULL,18023931.800905,19916444.64,1892512.839095,1,'CC',1,1,NULL,19916444.64,NULL,0),
(18,1,1,2,'2025-08-01',2,441,NULL,8489108.1719457,9380464.53,891356.3580543,1,'CC',1,1,NULL,0.52999999932945,NULL,0),
(19,1,1,8,'2025-07-22',2,903,NULL,9374173.7013575,10358461.94,984288.23864253,1,'CC',1,5,'2025-08-02 13:28:43',10358461.94,NULL,0),
(20,1,1,8,'2025-07-22',2,903,NULL,9372870.5339367,10357021.94,984151.40606335,1,'CC',1,5,NULL,10357021.94,NULL,0),
(21,1,1,8,'2025-07-22',2,904,NULL,6145649.5022624,6790942.7,645293.19773756,1,'CC',1,5,NULL,6790942.7,NULL,0),
(22,1,1,8,'2025-07-22',2,905,NULL,2796445.2669683,3090072.02,293626.75303167,1,'CC',1,5,NULL,3090072.02,NULL,0),
(23,1,1,6,'2025-07-03',2,90,NULL,8073619.6108597,8921349.67,847730.05914027,1,'CC',1,1,NULL,0,NULL,0),
(24,1,1,6,'2025-07-30',2,91,NULL,7988279.3484163,8827048.68,838769.33158371,1,'CC',1,1,NULL,8827048.68,NULL,0),
(25,1,1,7,'2025-08-04',2,93,NULL,8783292,9705537.66,922245.66,1,'CC',1,1,NULL,9705537.66,NULL,0),
(26,1,2,9,'2025-08-04',2,417,NULL,316742.08144796,350000,33257.918552036,1,'CC',1,1,'2025-08-05 20:25:31',0,NULL,0),
(27,1,1,7,'2025-08-05',2,94,NULL,9506646,10504843.83,998197.83,1,'CC',1,1,NULL,10504843.83,NULL,0),
(28,1,2,9,'2025-08-04',2,417,NULL,316742.08144796,350000,33257.918552036,1,'CC',1,5,NULL,350000,NULL,0),
(29,1,1,7,'2025-08-06',2,95,NULL,9816615.0045249,10847359.58,1030744.5754751,1,'CC',1,1,NULL,10847359.58,NULL,0),
(30,1,1,7,'2025-08-06',2,96,NULL,18909876,20895412.98,1985536.98,1,'CC',1,1,NULL,20895412.98,NULL,0),
(31,1,1,7,'2025-08-06',2,97,NULL,9499950,10497444.75,997494.75,1,'CC',1,1,NULL,10497444.75,NULL,0),
(32,NULL,NULL,2,'2025-08-06',NULL,18,NULL,NULL,7324116.39,NULL,1,'RE',1,1,'2025-09-12 14:57:56',NULL,0,0),
(34,1,1,11,'2025-08-05',2,443,NULL,611088.36363636,739416.92,128328.55636364,1,'CC',1,1,NULL,739416.92,NULL,0),
(35,1,1,11,'2025-08-05',2,444,NULL,338000,408980,70980,1,'CC',1,1,NULL,408980,NULL,0),
(36,NULL,NULL,6,'2025-07-10',NULL,34,NULL,NULL,8921349.67,NULL,1,'RE',1,1,'2025-08-14 13:08:06',NULL,0,0),
(37,NULL,NULL,6,'2025-08-06',NULL,38,NULL,NULL,7564981.58,NULL,1,'RE',1,1,NULL,NULL,0,0),
(38,1,1,11,'2025-08-07',2,445,NULL,480600,581526,100926,1,'CC',1,1,NULL,581526,NULL,0),
(39,1,1,11,'2025-08-08',2,446,NULL,2350570.5619835,2844190.38,493619.81801653,1,'CC',1,1,NULL,2844190.38,NULL,0),
(40,1,2,9,'2025-08-13',2,418,NULL,407239.81900452,450000,42760.180995475,1,'CC',1,5,NULL,0,NULL,0),
(41,NULL,NULL,7,'2025-08-14',NULL,39,NULL,NULL,9392455.8,NULL,1,'RE',1,1,NULL,NULL,0,0),
(42,1,2,9,'2025-08-18',2,419,NULL,2171945.7013575,2400000,228054.29864253,1,'CC',1,5,NULL,2400000,NULL,0),
(43,1,1,3,'2025-08-18',2,448,NULL,5507312.4977376,6085580.31,578267.81226244,1,'CC',1,1,'2025-08-18 20:17:10',6085580.31,NULL,0),
(44,1,1,3,'2025-08-18',2,448,NULL,24548653.366516,27126261.97,2577608.6034842,1,'CC',1,1,NULL,27126261.97,NULL,0),
(45,1,1,2,'2025-08-18',2,449,NULL,11433677.167421,12634213.27,1200536.1025792,1,'CC',1,1,NULL,0,NULL,0),
(46,1,1,8,'2025-08-19',2,906,NULL,4295160.3808464,10357024.44,6061864.0591536,1,'CC',1,1,'2025-08-19 17:45:16',10357024.44,NULL,0),
(47,1,1,8,'2025-08-19',2,906,NULL,4295160.3808464,10357024.44,6061864.0591536,1,'CC',1,5,NULL,10357024.44,NULL,0),
(48,1,1,8,'2025-08-19',2,907,NULL,3081142.0564312,7055108.97,3973966.9135688,1,'CC',1,5,NULL,7055108.97,NULL,0),
(49,1,1,8,'2025-08-19',2,908,NULL,514314.64743242,2934348.14,2420033.4925676,1,'CC',1,5,NULL,2934348.14,NULL,0),
(50,1,2,12,'2025-08-19',2,420,NULL,1266968.3257919,1400000,133031.67420814,1,'CC',1,5,NULL,1400000,NULL,0),
(51,1,2,11,'2025-08-19',2,421,NULL,1266968.3257919,1400000,133031.67420814,1,'CC',1,5,NULL,1400000,NULL,0),
(52,NULL,NULL,2,'2025-08-06',NULL,43,NULL,NULL,20236991.72,NULL,1,'RE',1,5,'2025-09-17 12:08:10',NULL,0,0),
(53,1,2,13,'2025-09-09',2,86,NULL,810000,895050,85050,1,'CC',1,1,NULL,895050,NULL,0),
(54,1,1,3,'2025-09-01',2,451,NULL,24635289.53,27221994.93065,2586705.40065,1,'CC',1,1,NULL,27221994.93065,NULL,0),
(55,1,1,2,'2025-09-03',2,909,NULL,1500000,1815000,315000,1,'CC',1,5,NULL,0,NULL,0),
(56,1,1,2,'2025-09-03',2,452,NULL,9860669.13,10896039.38865,1035370.25865,1,'CC',1,1,NULL,-0.001350000500679,NULL,0),
(57,1,2,10,'2025-09-03',2,425,NULL,620000,685100,65100,1,'CC',1,5,NULL,685100,NULL,0),
(58,1,1,7,'2025-09-01',2,99,NULL,8783292,9705537.66,922245.66,1,'CC',1,1,NULL,9705537.66,NULL,0),
(59,1,1,7,'2025-09-01',2,100,NULL,18909876,20895412.98,1985536.98,1,'CC',1,1,NULL,20895412.98,NULL,0),
(60,1,1,7,'2025-09-02',2,101,NULL,9506646,10504843.83,998197.83,1,'CC',1,1,NULL,10504843.83,NULL,0),
(61,1,1,7,'2025-09-04',2,102,NULL,9816615,10847359.575,1030744.575,1,'CC',1,1,NULL,10847359.575,NULL,0),
(62,1,1,7,'2025-09-04',2,103,NULL,9499950,10497444.75,997494.75,1,'CC',1,1,NULL,10497444.75,NULL,0),
(63,1,1,6,'2025-08-28',2,98,NULL,9255038.03,10226817.02315,971778.99315,1,'CC',1,1,NULL,10226817.02315,NULL,0),
(64,1,1,14,'2025-09-12',2,456,NULL,1759300,2128753,369453,1,'CC',1,1,NULL,2128753,NULL,0),
(65,1,2,9,'2025-09-10',2,426,NULL,420000,464100,44100,1,'CC',1,5,'2025-09-12 17:41:25',464100,NULL,0),
(66,NULL,NULL,3,'2025-07-28',NULL,54,NULL,NULL,386750,NULL,1,'RE',1,1,NULL,NULL,0,0),
(67,NULL,NULL,3,'2025-09-11',NULL,68,NULL,NULL,3456740.93,NULL,1,'RE',1,1,'2025-09-17 21:18:14',NULL,3456740.93,0),
(68,NULL,NULL,2,'2025-08-21',NULL,69,NULL,NULL,9380464,NULL,1,'RE',1,1,NULL,NULL,9380464,0),
(69,NULL,NULL,2,'2025-08-21',NULL,70,NULL,NULL,10896039.39,NULL,1,'RE',1,1,'2025-09-12 14:59:04',NULL,0,0),
(70,NULL,NULL,2,'2025-08-21',NULL,71,NULL,NULL,12634213.27,NULL,1,'RE',1,1,NULL,NULL,12634213.27,0),
(71,NULL,NULL,2,'2025-08-03',NULL,72,NULL,NULL,8921349.67,NULL,1,'RE',1,1,'2025-09-17 12:10:28',NULL,0,0),
(72,NULL,NULL,6,'2025-08-03',NULL,73,NULL,NULL,8921349.67,NULL,1,'RE',1,1,NULL,NULL,8921349.67,0),
(73,NULL,NULL,7,'2025-08-20',NULL,74,NULL,NULL,9392455.8,NULL,1,'RE',1,1,NULL,NULL,9392455.8,0),
(74,NULL,NULL,7,'2025-08-20',NULL,75,NULL,NULL,10165977.9,NULL,1,'RE',1,1,NULL,NULL,10165977.9,0),
(75,NULL,NULL,7,'2025-09-03',NULL,76,NULL,NULL,10497444.75,NULL,1,'RE',1,1,NULL,NULL,10497444.75,0),
(76,NULL,NULL,7,'2025-09-03',NULL,77,NULL,NULL,20221367.4,NULL,1,'RE',1,1,NULL,NULL,20221367.4,0),
(77,1,2,9,'2025-08-21',2,422,NULL,310000,342550,32550,1,'CC',1,1,'2025-09-12 17:38:03',342550,NULL,0),
(78,1,2,9,'2025-08-21',2,422,NULL,310000,342550,32550,1,'CC',1,5,'2025-09-12 17:41:12',342550,NULL,0),
(79,1,2,9,'2025-08-25',2,423,NULL,760000,839800,79800,1,'CC',1,5,'2025-09-12 17:41:20',839800,NULL,0),
(80,1,2,9,'2025-08-21',2,422,NULL,310000,342550,32550,1,'CC',1,5,'2025-09-12 17:42:30',342550,NULL,0),
(81,1,2,9,'2025-08-21',2,422,NULL,310000,310000,0,1,'CC',1,5,NULL,310000,NULL,0),
(82,1,2,9,'2025-08-25',2,423,NULL,760000,760000,0,1,'CC',1,5,NULL,760000,NULL,0),
(83,1,2,9,'2025-09-10',2,426,NULL,420000,420000,0,1,'CC',1,5,NULL,420000,NULL,0),
(84,NULL,NULL,9,'2025-08-22',NULL,78,NULL,NULL,350000,NULL,1,'RE',1,5,NULL,NULL,350000,0),
(85,NULL,NULL,9,'2025-09-08',NULL,86,NULL,NULL,450000,NULL,1,'RE',1,5,NULL,NULL,450000,0),
(86,1,2,12,'2025-08-19',2,421,NULL,1400000,1400000,0,1,'CC',1,5,NULL,1400000,NULL,0),
(87,1,2,10,'2025-08-25',2,424,NULL,720000,720000,0,1,'CC',1,5,NULL,720000,NULL,0),
(88,1,2,13,'2025-09-09',2,86,NULL,810000,810000,0,1,'CC',1,1,NULL,810000,NULL,0),
(89,1,1,8,'2025-09-15',2,910,NULL,9372872.8,10357024.444,984151.644,1,'CC',1,5,NULL,10357024.444,NULL,0),
(90,1,1,8,'2025-09-15',2,911,NULL,6384714,7055108.97,670394.97,1,'CC',1,5,NULL,7055108.97,NULL,0),
(91,1,1,8,'2025-09-15',2,912,NULL,2538957.28,2805547.7944,266590.5144,1,'CC',1,5,NULL,2805547.7944,NULL,0),
(92,1,1,2,'2025-09-15',2,913,NULL,1550000,1875500,325500,1,'CC',1,5,NULL,1875500,NULL,0),
(93,1,1,14,'2025-08-22',2,450,NULL,3941800,4769578,827778,1,'CC',1,1,NULL,0,NULL,0),
(94,NULL,NULL,14,'2025-08-30',NULL,87,NULL,NULL,4769578,NULL,1,'RE',1,1,'2025-09-16 12:21:16',NULL,4769578,0),
(95,NULL,NULL,14,'2025-08-30',NULL,96,NULL,NULL,4769578,NULL,1,'RE',1,1,NULL,NULL,0,0),
(96,1,1,2,'2025-09-16',2,457,NULL,12756686.06,14096138.0963,1339452.0363,1,'CC',1,1,NULL,14096138.0963,NULL,0),
(97,1,1,3,'2025-09-16',2,458,NULL,20243607.8,22369186.619,2125578.819,1,'CC',1,1,NULL,22369186.619,NULL,0),
(98,1,1,3,'2025-09-16',2,459,NULL,1600000,1768000,168000,1,'CC',1,1,'2025-09-17 21:13:27',1768000,NULL,0),
(99,NULL,NULL,2,'2025-09-16',NULL,97,NULL,NULL,1815000,NULL,1,'RE',1,5,NULL,NULL,1815000,0),
(100,NULL,NULL,2,'2025-09-16',NULL,101,NULL,NULL,10896039.39,NULL,1,'RE',1,1,NULL,NULL,10896039.39,0),
(101,1,1,3,'2025-09-17',2,460,NULL,1200000,1326000,126000,1,'CC',1,1,NULL,1326000,NULL,0),
(102,NULL,NULL,3,'2025-09-11',NULL,102,NULL,NULL,3456740.93,NULL,1,'RE',1,1,NULL,NULL,3456740.93,0);
/*!40000 ALTER TABLE `admin_comprobantes_transaccion` ENABLE KEYS */;
UNLOCK TABLES;

--
-- Table structure for table `admin_entes_comerciales`
--

DROP TABLE IF EXISTS `admin_entes_comerciales`;
/*!40101 SET @saved_cs_client     = @@character_set_client */;
/*!40101 SET character_set_client = utf8mb4 */;
CREATE TABLE `admin_entes_comerciales` (
  `id` int(11) NOT NULL AUTO_INCREMENT,
  `id_resp_iva` int(11) DEFAULT NULL,
  `razon_social` varchar(255) NOT NULL,
  `cuit` bigint(20) DEFAULT NULL,
  `activo` tinyint(1) NOT NULL,
  `direccion` varchar(255) DEFAULT NULL,
  `telefono` varchar(255) DEFAULT NULL,
  `mail` varchar(255) DEFAULT NULL,
  `discr` varchar(255) NOT NULL,
  PRIMARY KEY (`id`),
  KEY `IDX_8CF29E63E1DE3916` (`id_resp_iva`),
  CONSTRAINT `FK_8CF29E63E1DE3916` FOREIGN KEY (`id_resp_iva`) REFERENCES `resp_iva` (`id`)
) ENGINE=InnoDB AUTO_INCREMENT=15 DEFAULT CHARSET=utf8mb4 COLLATE=utf8mb4_unicode_ci;
/*!40101 SET character_set_client = @saved_cs_client */;

--
-- Dumping data for table `admin_entes_comerciales`
--

LOCK TABLES `admin_entes_comerciales` WRITE;
/*!40000 ALTER TABLE `admin_entes_comerciales` DISABLE KEYS */;
INSERT INTO `admin_entes_comerciales` VALUES
(1,NULL,'Nueva Mercedes Bus SA',30712469591,1,NULL,NULL,NULL,'EG'),
(2,NULL,'MASTERBUS SA',30652761948,1,'Dr Salk 243',NULL,NULL,'CLI'),
(3,NULL,'ESUCO',30502245399,1,NULL,NULL,NULL,'CLI'),
(4,NULL,'YPF BERTONE',NULL,1,NULL,NULL,NULL,'PRO'),
(5,NULL,'MUSSO MARISA',27127290623,1,NULL,NULL,NULL,'EG'),
(6,NULL,'YPF GAS SA',30515488479,1,'MACHACA GUEMES 515',NULL,NULL,'CLI'),
(7,NULL,'CORREDORES VIALES SA',30715804812,1,'SAENZ PEÑA 777',NULL,NULL,'CLI'),
(8,NULL,'MASTERFOODS ARGENTINA LTD',30663500399,1,'505 538',NULL,NULL,'CLI'),
(9,NULL,'MUNICIPALIDAD MERCEDES',309990833575,1,NULL,NULL,NULL,'CLI'),
(10,NULL,'MUNICIPALIDAD NAVARRO',30664540769,1,NULL,NULL,NULL,'CLI'),
(11,NULL,'AVALOS MATIAS',20367948370,0,NULL,NULL,NULL,'CLI'),
(12,NULL,'MUNICIPALIDAD DE SAN ANTONIO DE ARECO',30649555571,1,NULL,NULL,NULL,'CLI'),
(13,NULL,'MUNICIPALIDAD CARMEN DE ARECO',30999003539,1,NULL,NULL,NULL,'CLI'),
(14,NULL,'ALMA VIAL S.A.',30710415516,1,NULL,NULL,NULL,'CLI');
/*!40000 ALTER TABLE `admin_entes_comerciales` ENABLE KEYS */;
UNLOCK TABLES;

--
-- Table structure for table `admin_identificacion_comprobante`
--

DROP TABLE IF EXISTS `admin_identificacion_comprobante`;
/*!40101 SET @saved_cs_client     = @@character_set_client */;
/*!40101 SET character_set_client = utf8mb4 */;
CREATE TABLE `admin_identificacion_comprobante` (
  `id` int(11) NOT NULL AUTO_INCREMENT,
  `letra` varchar(1) NOT NULL,
  `activo` tinyint(1) NOT NULL,
  PRIMARY KEY (`id`)
) ENGINE=InnoDB AUTO_INCREMENT=6 DEFAULT CHARSET=utf8mb4 COLLATE=utf8mb4_unicode_ci;
/*!40101 SET character_set_client = @saved_cs_client */;

--
-- Dumping data for table `admin_identificacion_comprobante`
--

LOCK TABLES `admin_identificacion_comprobante` WRITE;
/*!40000 ALTER TABLE `admin_identificacion_comprobante` DISABLE KEYS */;
INSERT INTO `admin_identificacion_comprobante` VALUES
(1,'A',1),
(2,'B',1),
(3,'C',1),
(4,'R',1),
(5,'X',1);
/*!40000 ALTER TABLE `admin_identificacion_comprobante` ENABLE KEYS */;
UNLOCK TABLES;

--
-- Table structure for table `admin_items_comprobante`
--

DROP TABLE IF EXISTS `admin_items_comprobante`;
/*!40101 SET @saved_cs_client     = @@character_set_client */;
/*!40101 SET character_set_client = utf8mb4 */;
CREATE TABLE `admin_items_comprobante` (
  `id` int(11) NOT NULL AUTO_INCREMENT,
  `id_articulo` int(11) DEFAULT NULL,
  `id_comprobante` int(11) DEFAULT NULL,
  `cantidad` double NOT NULL,
  `precio_unitario` double NOT NULL,
  `precio_total` double NOT NULL,
  `descripcion` varchar(255) DEFAULT NULL,
  `precio_unitario_sin_iva` double DEFAULT NULL,
  `precio_total_sin_iva` double DEFAULT NULL,
  PRIMARY KEY (`id`),
  KEY `IDX_557EA41B3932A204` (`id_articulo`),
  KEY `IDX_557EA41B4DCC2375` (`id_comprobante`),
  CONSTRAINT `FK_557EA41B3932A204` FOREIGN KEY (`id_articulo`) REFERENCES `admin_articulos_conceptos` (`id`),
  CONSTRAINT `FK_557EA41B4DCC2375` FOREIGN KEY (`id_comprobante`) REFERENCES `admin_comprobantes_transaccion` (`id`)
) ENGINE=InnoDB AUTO_INCREMENT=138 DEFAULT CHARSET=utf8mb4 COLLATE=utf8mb4_unicode_ci;
/*!40101 SET character_set_client = @saved_cs_client */;

--
-- Dumping data for table `admin_items_comprobante`
--

LOCK TABLES `admin_items_comprobante` WRITE;
/*!40000 ALTER TABLE `admin_items_comprobante` DISABLE KEYS */;
INSERT INTO `admin_items_comprobante` VALUES
(1,2,1,1,150000,150000,'servicio caba 02/08/2025',135746.60633484,135746.60633484),
(2,1,3,1,2222222,2222222,'fddf',2011060.6334842,2011060.6334842),
(3,1,4,1,123445,123445,NULL,111714.9321267,111714.9321267),
(4,3,5,100,1500000,150000000,NULL,1357466.0633484,135746606.33484),
(5,1,7,1,9392455.8,9392455.8,'JUNIN - MES JUNIO',8499960,8499960),
(6,1,8,1,10165977.9,10165977.9,'TRENQUE LAUQUEN - MES JUNIO',9199980,9199980),
(7,1,9,1,10497444.75,10497444.75,'9 DE JULIO - MES JUNIO',9499950,9499950),
(8,1,10,1,9723922.65,9723922.65,'MERCEDES - MES JUNIO',8799930,8799930),
(9,1,10,1,10497444.75,10497444.75,'LUJAN - MES JUNIO',9499950,9499950),
(10,1,12,1,9392455.8,9392455.8,'JUNIN - MES JULIO',8499960,8499960),
(11,1,13,1,386750,386750,'DIA DOMINGO TRABAJADO 08/06/2025 - MINI BUS',350000,350000),
(12,1,14,1,6085580.31,6085580.31,'BUS 1 - DEL 01/07/2025 AL 15/07/2025',5507312.4977376,5507312.4977376),
(13,1,14,1,6085580.31,6085580.31,'BUS 2 - DEL 01/07/2025 AL 15/07/2025',5507312.4977376,5507312.4977376),
(14,1,15,1,6085580.31,6085580.31,'BUS 1 - DEL 01/07/2025 AL 15/07/2025',5507312.4977376,5507312.4977376),
(15,1,15,1,6085580.31,6085580.31,'BUS 2 - DEL 01/07/2025 AL 15/07/2025',5507312.4977376,5507312.4977376),
(16,1,15,1,6085580.31,6085580.31,'BUS 3 - DEL 01/07/2025 AL 15/07/2025',5507312.4977376,5507312.4977376),
(17,1,17,1,6085580.31,6085580.31,'BUS 1 - DEL 16/07/2025 AL 31/07/2025',5507312.4977376,5507312.4977376),
(18,1,17,1,6085580.31,6085580.31,'BUS 2 - DEL 16/07/2025 AL 31/07/2025',5507312.4977376,5507312.4977376),
(19,1,17,1,6085580.31,6085580.31,'BUS 3 - DEL 16/07/2025 AL 31/07/2025',5507312.4977376,5507312.4977376),
(20,1,17,3,553234.57,1659703.71,'DIA SABADO 26/07/2025 - 3 MICROS - $ 500664.7 C/U',500664.76923077,1501994.3076923),
(21,1,18,1,9380464.53,9380464.53,'TRASLADOS 2° QUINCENA DE JULIO',8489108.1719457,8489108.1719457),
(22,1,19,76,25779.14,1959214.64,'DEL 22/06/2025 AL 19/07/2025 , DRY MERCEDES',23329.538461538,1773044.9230769),
(23,1,19,48,22544.82,1082151.36,'DRY LUJAN',20402.552036199,979322.49773756),
(24,1,19,56,25779.14,1443631.84,'WET MERCEDES',23329.538461538,1306454.1538462),
(25,1,19,57,22544.82,1285054.74,'WET VIOLETA Y BLANCO, LUJAN',20402.552036199,1162945.4660633),
(26,1,19,48,22554.82,1082631.36,'VERDE LUJAN',20411.601809955,979756.88687783),
(27,1,19,52,25779.14,1340515.28,'C Y T MERCEDES',23329.538461538,1213136),
(28,1,19,96,22554.82,2165262.72,'C Y T LUJAN',20411.601809955,1959513.7737557),
(29,1,20,76,25779.14,1959214.64,'DRY MERCEDES',23329.538461538,1773044.9230769),
(30,1,20,48,22544.82,1082151.36,'DRY LUJAN',20402.552036199,979322.49773756),
(31,1,20,56,25779.14,1443631.84,'WET MERCEDES',23329.538461538,1306454.1538462),
(32,1,20,57,22544.82,1285054.74,'WET VIOLETA Y BLANCO, LUJAN',20402.552036199,1162945.4660633),
(33,1,20,48,22544.82,1082151.36,'VERDE LUJAN',20402.552036199,979322.49773756),
(34,1,20,52,25779.14,1340515.28,'C Y T MERCEDES',23329.538461538,1213136),
(35,1,20,96,22544.82,2164302.72,'C Y T LUJAN',20402.552036199,1958644.9954751),
(36,1,21,127,25779.14,3273950.78,'DEL 22/06/2025 AL 19/07/2025 - EXTRAS MERCEDES',23329.538461538,2962851.3846154),
(37,1,21,156,22544.82,3516991.92,'EXTRAS LUJAN',20402.552036199,3182798.1176471),
(38,1,22,28,25779.14,721815.92,'DEL 22/06/2025 AL 19/07/2025 - MANTENIMIENTO MERCEDES',23329.538461538,653227.07692308),
(39,1,22,105,22554.82,2368256.1,'MANTENIMIENTO LUJAN',20411.601809955,2143218.1900452),
(40,1,23,1,8921349.67,8921349.67,'TRASLADOS JUNIO',8073619.6108597,8073619.6108597),
(41,1,24,1,8827048.68,8827048.68,'TRASLADOS JULIO',7988279.3484163,7988279.3484163),
(42,1,25,93,104360.62,9705537.66,'TRASLADOS JULIO - JUNIN',94444,8783292),
(43,1,26,1,350000,350000,'MERCEDES - MORENO. 19 PASAJEROS - OC 5644',316742.08144796,316742.08144796),
(44,1,27,93,112955.31,10504843.83,'MES JULIO - TRENQUE LAUQUEN',102222,9506646),
(45,1,28,1,350000,350000,'MERCEDES - MORENO, 19 PASAJEROS, OC 5644',316742.08144796,316742.08144796),
(46,1,29,1,10847359.58,10847359.58,'TRASLADOS 9 DE JULIO - MES JULIO',9816615.0045249,9816615.0045249),
(47,1,30,1,10048053.4,10048053.4,'TRASLADOS MERCEDES - MES JULIO',9093260.9954751,9093260.9954751),
(48,1,30,1,10847359.58,10847359.58,'TRASLADOS LUJAN - MES JULIO',9816615.0045249,9816615.0045249),
(49,1,31,1,10497444.75,10497444.75,'TRASLADOS TANDIL - MES JULIO',9499950,9499950),
(50,6,34,1,371142.72,371142.72,'ARENA, IBICUY-ZARATE, 30/07/2025, INT 03, REMITO 105878',306729.52066116,306729.52066116),
(51,6,34,1,368274.2,368274.2,'ARENA, IBICUY-ZARATE, 31/07/2025, INT 03, REMITO 105878',304358.84297521,304358.84297521),
(52,6,35,1,408980,408980,'PIEDRA, RIO COLORADO-MONTE HERMOSO, 04/08/2025, INT 03, REMITO 21249',338000,338000),
(53,6,38,1,581526,581526,'PIEDRA, OLAVARRIA-MORENO, 05/08/2025, INT 03, REMITO 2082',480600,480600),
(54,6,39,1,2844190.38,2844190.38,'ARENA, ZARATE-AÑELO, 03/08/2025, INT 03, REMITO 36911',2350570.5619835,2350570.5619835),
(55,1,40,1,450000,450000,'VIAJE A LUIS GUILLON, 07/08/2025, OC 6086',407239.81900452,407239.81900452),
(56,1,42,1,2400000,2400000,'TRASLADO A LA MATERA, MES OCTUBRE. OC6048',2171945.7013575,2171945.7013575),
(57,8,43,1,6085580.31,6085580.31,'BUS 1 DEL 01/08/2025 AL 15/08/2025',5507312.4977376,5507312.4977376),
(58,8,44,1,6085580.31,6085580.31,'BUS 1 DEL 01/08/2025 AL 15/08/2025',5507312.4977376,5507312.4977376),
(59,8,44,1,6085580.31,6085580.31,'BUS 2 DEL 01/08/2025 AL 15/08/2025',5507312.4977376,5507312.4977376),
(60,8,44,1,6085580.31,6085580.31,'BUS 2 DEL 01/08/2025 AL 15/08/2025',5507312.4977376,5507312.4977376),
(61,9,44,1,1659703.71,1659703.71,'DIA SABADO 02/08/2025, X 3 MICROS',1501994.3076923,1501994.3076923),
(62,9,44,1,1659703.71,1659703.71,'DIA SABADO 09/08/2025',1501994.3076923,1501994.3076923),
(63,7,44,1,4696250,4696250,'BUS 1 DEL 01/08/2025 AL 15/08/2025',4250000,4250000),
(64,1,44,1,426931.81,426931.81,'DESDE NAVARRO. SABADO 02/08/2025',386363.62895928,386363.62895928),
(65,1,44,1,426931.81,426931.81,'DESDE NAVARRO. SABADO 09/08/2025',386363.62895928,386363.62895928),
(66,1,45,1,12634213.27,12634213.27,'1° QUINCENA DE AGOSTO',11433677.167421,11433677.167421),
(67,4,46,1,1959214.77,1959214.77,'DRY MERCEDES',1773045.040724,1773045.040724),
(68,5,46,1,1082151.78,1082151.78,'DRY LUJAN',486.74975036209,486.74975036209),
(69,4,46,1,1443631.94,1443631.94,'WET MERCEDES',1306454.2443439,1306454.2443439),
(70,5,46,1,1285055.24,1285055.24,'WET LUJAN VIOLETA Y BLANCO',578.01532911723,578.01532911723),
(71,5,46,1,1082151.78,1082151.78,'VERDE LUJAN',486.74975036209,486.74975036209),
(72,4,46,1,1340515.37,1340515.37,'C Y T MERCEDES',1213136.081448,1213136.081448),
(73,5,46,1,2164303.56,2164303.56,'C Y T LUJAN',973.49950072417,973.49950072417),
(74,4,47,1,1959214.77,1959214.77,'DRY MERCEDES',1773045.040724,1773045.040724),
(75,5,47,1,1082151.78,1082151.78,'DRY LUJAN',486.74975036209,486.74975036209),
(76,4,47,1,1443631.94,1443631.94,'WET MERCEDES',1306454.2443439,1306454.2443439),
(77,5,47,1,1285055.24,1285055.24,'WET VIOLETA Y BLANCO, LUJAN',578.01532911723,578.01532911723),
(78,5,47,1,1082151.78,1082151.78,'VERDE LUJAN',486.74975036209,486.74975036209),
(79,4,47,1,1340515.37,1340515.37,'C Y T MERCEDES',1213136.081448,1213136.081448),
(80,5,47,1,2164303.56,2164303.56,'C Y T LUJAN',973.49950072417,973.49950072417),
(81,4,48,1,3402846.7,3402846.7,'EXTRAS MERCEDES',3079499.2760181,3079499.2760181),
(82,5,48,1,3652262.27,3652262.27,'EXTRAS LUJAN',1642.7804130945,1642.7804130945),
(83,4,49,1,567141.12,567141.12,'MANTENIMIENTO MERCEDES',513249.88235294,513249.88235294),
(84,5,49,1,2367207.02,2367207.02,'MANTENIMIENTO LUJAN',1064.7650794793,1064.7650794793),
(85,1,50,1,1400000,1400000,'TRASLADO DIA DEL NIÑO, DIA 13/08',1266968.3257919,1266968.3257919),
(86,1,51,1,1400000,1400000,'TRASLADO DIA DEL NIÑO, DIA 14/08/2025',1266968.3257919,1266968.3257919),
(87,2,53,1,895050,895050,'VIAJE C. DE ARECO-S.A. DE ARECO, OC 3114',810000,810000),
(88,8,54,1,6085580.3125,6085580.3125,'BUS 1 - MERCEDES',5507312.5,5507312.5),
(89,8,54,1,6085580.3125,6085580.3125,'BUS 2 - MERCEDES',5507312.5,5507312.5),
(90,1,54,1,2766172.8653,2766172.8653,'BUS 3, DEL 16/8AL20/8',2503323.86,2503323.86),
(91,1,54,1,3637677.05015,3637677.05015,'MINI BUS 1-MERCEDES DEL 21/08 AL 31/08',3292015.43,3292015.43),
(92,1,54,1,1659703.71255,1659703.71255,'SABADO 16/08, 3 MICROS MERCEDES',1501994.31,1501994.31),
(93,1,54,1,1106469.1417,1106469.1417,'SABADO 30/8, 2 MICROS MERCEDES',1001329.54,1001329.54),
(94,1,54,1,330697.91365,330697.91365,'SABADO 30/8, 1 MINI BUS',299274.13,299274.13),
(95,7,54,1,4696250,4696250,'BUS 1 - NAVARRO',4250000,4250000),
(96,1,54,1,426931.81115,426931.81115,'SABADO 16/8 - NAVARRO',386363.63,386363.63),
(97,1,54,1,426931.81115,426931.81115,'SABADO 30/8 - NAVARRO',386363.63,386363.63),
(98,10,55,1,1815000,1815000,'REPARACION DE CAJA, INT. 288',1500000,1500000),
(99,1,56,1,10896039.38865,10896039.38865,'2° AGOSTO',9860669.13,9860669.13),
(100,1,57,1,685100,685100,'NAVARRO-MERCEDES 27/08/2025. OC 3399',620000,620000),
(101,1,58,93,104360.62,9705537.66,'TRASLADO JUNIN - AGOSTO',94444,8783292),
(102,1,59,93,108043.585,10048053.405,'TRASLADOS MERCEDES - AGOSTO',97777,9093261),
(103,1,59,93,116638.275,10847359.575,'TRASLADOS LUJAN - AGOSTO',105555,9816615),
(104,1,60,93,112955.31,10504843.83,'TRENQUE LAUQUEN - AGOSTO',102222,9506646),
(105,1,61,93,116638.275,10847359.575,'9 DE JULIO - AGOSTO',105555,9816615),
(106,1,62,93,112875.75,10497444.75,'TANDIL - AGOSTO',102150,9499950),
(107,1,63,1,3233039.4096,3233039.4096,'REC 1',2925827.52,2925827.52),
(108,1,63,1,3233039.4096,3233039.4096,'REC 2',2925827.52,2925827.52),
(109,1,63,1,1761358.508,1761358.508,'REC 3',1593989.6,1593989.6),
(110,1,63,1,1999379.69595,1999379.69595,'REC 4',1809393.39,1809393.39),
(111,6,64,1,2128753,2128753,'SEGUNDA QUINCENA',1759300,1759300),
(112,1,65,1,464100,464100,'VIAJE A MORENO. OC 6986',420000,420000),
(113,1,77,1,342550,342550,'VIAJE ESNAOLA 12/08',310000,310000),
(114,1,78,1,342550,342550,'VIAJE ESNAOLA, X VISTO',310000,310000),
(115,1,79,1,839800,839800,'VIAJE A OLAVARRIA, OC6262',760000,760000),
(116,1,80,1,342550,342550,'VIAJE ESNAOLA, X VISTO',310000,310000),
(117,11,81,1,310000,310000,'VIAJE ESNAOLA , X VISTO',310000,310000),
(118,11,82,1,760000,760000,'VIAJE OLAVARRIA. OC 6262',760000,760000),
(119,11,83,1,420000,420000,'VIAJE A MORENO, OC 6986',420000,420000),
(120,11,86,1,1400000,1400000,'VIAJE DIA DEL NIÑO 14/08/2025, OC2451',1400000,1400000),
(121,11,87,1,720000,720000,'VIAJE A MARCOS PAZ 21/08/2025, OC 3233',720000,720000),
(122,11,88,1,810000,810000,'VIAJE C. DE ARECO - S.A. DE ARECO, OC 3114',810000,810000),
(123,1,89,1,10357024.444,10357024.444,'DEL 17/08/2025 AL 13/09/2025',9372872.8,9372872.8),
(124,1,90,1,7055108.97,7055108.97,'VIAJES EXTRAS , 17/08/2025 AL 13/09/2025',6384714,6384714),
(125,1,91,1,2805547.7944,2805547.7944,'MANTENIMIENTO 17/08/2025 AL 13/09/2025',2538957.28,2538957.28),
(126,10,92,1,1875500,1875500,'REPARACION DE CAJA, INT 33',1550000,1550000),
(127,6,93,1,4769578,4769578,'PRIMERA QUINCENA DE AGOSTO',3941800,3941800),
(128,1,96,1,14096138.0963,14096138.0963,'1° QUINCENA DE SEPTIEMBRE',12756686.06,12756686.06),
(129,8,97,1,6085580.3125,6085580.3125,'1° SEPTIEMBRE, BUS 1',5507312.5,5507312.5),
(130,8,97,1,6085580.3125,6085580.3125,'BUS 2',5507312.5,5507312.5),
(131,1,97,1,3637677.1275,3637677.1275,'MINI BUS 1 - MERCEDES',3292015.5,3292015.5),
(132,1,97,1,1106469.1417,1106469.1417,'SABADO 06/09 - 2 MICROS - MERCEDES',1001329.54,1001329.54),
(133,1,97,1,330697.91365,330697.91365,'SABADO 06/09 - MINI BUS MERCEDES',299274.13,299274.13),
(134,7,97,1,4696250,4696250,'BUS 1',4250000,4250000),
(135,1,97,1,426931.81115,426931.81115,'SABADO 06/09 1 BUS - NAVARRO',386363.63,386363.63),
(136,1,98,1,1768000,1768000,'DEL 08-09 AL 15/09 -PLANTA DEPURADORA MERCEDES - MINI BUS',1600000,1600000),
(137,13,101,1,1326000,1326000,'DEL 058/09 AL 15/06, MINI BUS',1200000,1200000);
/*!40000 ALTER TABLE `admin_items_comprobante` ENABLE KEYS */;
UNLOCK TABLES;

--
-- Table structure for table `admin_tipos_comprobante`
--

DROP TABLE IF EXISTS `admin_tipos_comprobante`;
/*!40101 SET @saved_cs_client     = @@character_set_client */;
/*!40101 SET character_set_client = utf8mb4 */;
CREATE TABLE `admin_tipos_comprobante` (
  `id` int(11) NOT NULL AUTO_INCREMENT,
  `tipo` varchar(255) NOT NULL,
  `activo` tinyint(1) NOT NULL,
  `requiere_info_completa` tinyint(1) NOT NULL,
  PRIMARY KEY (`id`)
) ENGINE=InnoDB AUTO_INCREMENT=3 DEFAULT CHARSET=utf8mb4 COLLATE=utf8mb4_unicode_ci;
/*!40101 SET character_set_client = @saved_cs_client */;

--
-- Dumping data for table `admin_tipos_comprobante`
--

LOCK TABLES `admin_tipos_comprobante` WRITE;
/*!40000 ALTER TABLE `admin_tipos_comprobante` DISABLE KEYS */;
INSERT INTO `admin_tipos_comprobante` VALUES
(1,'Factura',1,0),
(2,'Comprobante',1,0);
/*!40000 ALTER TABLE `admin_tipos_comprobante` ENABLE KEYS */;
UNLOCK TABLES;

--
-- Table structure for table `doctrine_migration_versions`
--

DROP TABLE IF EXISTS `doctrine_migration_versions`;
/*!40101 SET @saved_cs_client     = @@character_set_client */;
/*!40101 SET character_set_client = utf8mb4 */;
CREATE TABLE `doctrine_migration_versions` (
  `version` varchar(191) NOT NULL,
  `executed_at` datetime DEFAULT NULL,
  `execution_time` int(11) DEFAULT NULL,
  PRIMARY KEY (`version`)
) ENGINE=InnoDB DEFAULT CHARSET=utf8mb3 COLLATE=utf8mb3_unicode_ci;
/*!40101 SET character_set_client = @saved_cs_client */;

--
-- Dumping data for table `doctrine_migration_versions`
--

LOCK TABLES `doctrine_migration_versions` WRITE;
/*!40000 ALTER TABLE `doctrine_migration_versions` DISABLE KEYS */;
INSERT INTO `doctrine_migration_versions` VALUES
('DoctrineMigrations\\Version20250628221653','2025-07-22 12:29:01',119),
('DoctrineMigrations\\Version20250701185733','2025-07-22 12:29:01',4),
('DoctrineMigrations\\Version20250701221212','2025-07-22 12:29:01',8),
('DoctrineMigrations\\Version20250702191502','2025-07-22 12:29:01',16),
('DoctrineMigrations\\Version20250703225127','2025-07-22 12:29:01',15),
('DoctrineMigrations\\Version20250705132302','2025-07-22 12:29:01',21),
('DoctrineMigrations\\Version20250709222850','2025-07-22 12:29:01',3),
('DoctrineMigrations\\Version20250709230446','2025-07-22 12:29:01',6),
('DoctrineMigrations\\Version20250711235714','2025-07-22 12:29:01',15),
('DoctrineMigrations\\Version20250712152816','2025-07-22 12:29:01',12),
('DoctrineMigrations\\Version20250712210037','2025-07-22 12:29:01',3),
('DoctrineMigrations\\Version20250725233908','2025-08-01 17:19:20',34),
('DoctrineMigrations\\Version20250726001322','2025-08-01 17:19:20',10),
('DoctrineMigrations\\Version20250726124444','2025-08-01 17:19:20',50),
('DoctrineMigrations\\Version20250727120756','2025-08-01 17:19:20',7),
('DoctrineMigrations\\Version20250727121400','2025-08-01 17:19:20',9),
('DoctrineMigrations\\Version20250727124104','2025-08-01 17:19:20',6),
('DoctrineMigrations\\Version20250727124437','2025-08-01 17:19:20',8),
('DoctrineMigrations\\Version20250730202424','2025-08-01 17:19:20',34),
('DoctrineMigrations\\Version20250805212841','2025-08-07 21:05:49',80),
('DoctrineMigrations\\Version20250805213007','2025-08-07 21:05:49',10),
('DoctrineMigrations\\Version20250805215600','2025-08-07 21:05:49',7),
('DoctrineMigrations\\Version20250805221014','2025-08-07 21:05:49',15),
('DoctrineMigrations\\Version20250806194512','2025-08-07 21:05:50',7),
('DoctrineMigrations\\Version20250806233523','2025-08-07 21:05:50',46),
('DoctrineMigrations\\Version20250808213918','2025-08-20 21:55:59',44),
('DoctrineMigrations\\Version20250813223437','2025-08-20 21:55:59',13),
('DoctrineMigrations\\Version20250813233831','2025-08-20 21:55:59',53),
('DoctrineMigrations\\Version20250828200926','2025-08-29 19:55:20',59);
/*!40000 ALTER TABLE `doctrine_migration_versions` ENABLE KEYS */;
UNLOCK TABLES;

--
-- Table structure for table `finanzas_bancos`
--

DROP TABLE IF EXISTS `finanzas_bancos`;
/*!40101 SET @saved_cs_client     = @@character_set_client */;
/*!40101 SET character_set_client = utf8mb4 */;
CREATE TABLE `finanzas_bancos` (
  `id` int(11) NOT NULL AUTO_INCREMENT,
  `nombre` varchar(255) NOT NULL,
  `activo` tinyint(1) NOT NULL,
  PRIMARY KEY (`id`)
) ENGINE=InnoDB AUTO_INCREMENT=5 DEFAULT CHARSET=utf8mb4 COLLATE=utf8mb4_unicode_ci;
/*!40101 SET character_set_client = @saved_cs_client */;

--
-- Dumping data for table `finanzas_bancos`
--

LOCK TABLES `finanzas_bancos` WRITE;
/*!40000 ALTER TABLE `finanzas_bancos` DISABLE KEYS */;
INSERT INTO `finanzas_bancos` VALUES
(1,'Banco Santander',1),
(2,'Banco Nacion',1),
(3,'Banco Macro',1),
(4,'Banco Provincia',1);
/*!40000 ALTER TABLE `finanzas_bancos` ENABLE KEYS */;
UNLOCK TABLES;

--
-- Table structure for table `finanzas_cajas`
--

DROP TABLE IF EXISTS `finanzas_cajas`;
/*!40101 SET @saved_cs_client     = @@character_set_client */;
/*!40101 SET character_set_client = utf8mb4 */;
CREATE TABLE `finanzas_cajas` (
  `id` int(11) NOT NULL AUTO_INCREMENT,
  `nombre` varchar(255) NOT NULL,
  `activa` tinyint(1) NOT NULL,
  PRIMARY KEY (`id`)
) ENGINE=InnoDB AUTO_INCREMENT=2 DEFAULT CHARSET=utf8mb4 COLLATE=utf8mb4_unicode_ci;
/*!40101 SET character_set_client = @saved_cs_client */;

--
-- Dumping data for table `finanzas_cajas`
--

LOCK TABLES `finanzas_cajas` WRITE;
/*!40000 ALTER TABLE `finanzas_cajas` DISABLE KEYS */;
INSERT INTO `finanzas_cajas` VALUES
(1,'Caja Central',1);
/*!40000 ALTER TABLE `finanzas_cajas` ENABLE KEYS */;
UNLOCK TABLES;

--
-- Table structure for table `finanzas_ctas_ctes`
--

DROP TABLE IF EXISTS `finanzas_ctas_ctes`;
/*!40101 SET @saved_cs_client     = @@character_set_client */;
/*!40101 SET character_set_client = utf8mb4 */;
CREATE TABLE `finanzas_ctas_ctes` (
  `id` int(11) NOT NULL AUTO_INCREMENT,
  `id_titular` int(11) DEFAULT NULL,
  `tipo` varchar(1) NOT NULL,
  `importe_facturas` double NOT NULL,
  `importe_pagos` double NOT NULL,
  `id_empresa_grupo` int(11) DEFAULT NULL,
  PRIMARY KEY (`id`),
  KEY `IDX_D911E11DA7BEB2B7` (`id_titular`),
  KEY `IDX_D911E11DB6FD573F` (`id_empresa_grupo`),
  CONSTRAINT `FK_D911E11DA7BEB2B7` FOREIGN KEY (`id_titular`) REFERENCES `admin_entes_comerciales` (`id`),
  CONSTRAINT `FK_D911E11DB6FD573F` FOREIGN KEY (`id_empresa_grupo`) REFERENCES `admin_entes_comerciales` (`id`)
) ENGINE=InnoDB AUTO_INCREMENT=18 DEFAULT CHARSET=utf8mb4 COLLATE=utf8mb4_unicode_ci;
/*!40101 SET character_set_client = @saved_cs_client */;

--
-- Dumping data for table `finanzas_ctas_ctes`
--

LOCK TABLES `finanzas_ctas_ctes` WRITE;
/*!40000 ALTER TABLE `finanzas_ctas_ctes` DISABLE KEYS */;
INSERT INTO `finanzas_ctas_ctes` VALUES
(1,3,'1',0,132308941.25965,1),
(2,2,'1',0,109404744.39495,1),
(3,4,'1',0,150020000,1),
(4,7,'1',0,256411761.515,1),
(5,8,'1',0,71160661.3584,5),
(6,6,'1',0,53382896.29315,1),
(7,9,'1',0,692550,1),
(8,9,'1',0,7479000,5),
(10,11,'1',0,4574113.3,1),
(11,8,'1',0,10357024.44,1),
(12,12,'1',0,2800000,5),
(13,11,'1',0,1400000,5),
(14,2,'1',0,25742491.72,5),
(15,13,'1',0,1705050,1),
(16,10,'1',0,1405100,5),
(17,14,'1',0,16437487,1);
/*!40000 ALTER TABLE `finanzas_ctas_ctes` ENABLE KEYS */;
UNLOCK TABLES;

--
-- Table structure for table `finanzas_ctas_ctes_banco`
--

DROP TABLE IF EXISTS `finanzas_ctas_ctes_banco`;
/*!40101 SET @saved_cs_client     = @@character_set_client */;
/*!40101 SET character_set_client = utf8mb4 */;
CREATE TABLE `finanzas_ctas_ctes_banco` (
  `id` int(11) NOT NULL AUTO_INCREMENT,
  `id_banco` int(11) DEFAULT NULL,
  `numero` varchar(255) NOT NULL,
  `libera_valores` tinyint(1) NOT NULL,
  `moneda` varchar(255) DEFAULT NULL,
  PRIMARY KEY (`id`),
  KEY `IDX_3DE7CC22995BA0E1` (`id_banco`),
  CONSTRAINT `FK_3DE7CC22995BA0E1` FOREIGN KEY (`id_banco`) REFERENCES `finanzas_bancos` (`id`)
) ENGINE=InnoDB AUTO_INCREMENT=2 DEFAULT CHARSET=utf8mb4 COLLATE=utf8mb4_unicode_ci;
/*!40101 SET character_set_client = @saved_cs_client */;

--
-- Dumping data for table `finanzas_ctas_ctes_banco`
--

LOCK TABLES `finanzas_ctas_ctes_banco` WRITE;
/*!40000 ALTER TABLE `finanzas_ctas_ctes_banco` DISABLE KEYS */;
INSERT INTO `finanzas_ctas_ctes_banco` VALUES
(1,1,'2836/5',1,'$');
/*!40000 ALTER TABLE `finanzas_ctas_ctes_banco` ENABLE KEYS */;
UNLOCK TABLES;

--
-- Table structure for table `finanzas_metodo_pago_recibo`
--

DROP TABLE IF EXISTS `finanzas_metodo_pago_recibo`;
/*!40101 SET @saved_cs_client     = @@character_set_client */;
/*!40101 SET character_set_client = utf8mb4 */;
CREATE TABLE `finanzas_metodo_pago_recibo` (
  `id` int(11) NOT NULL AUTO_INCREMENT,
  `id_recibo` int(11) DEFAULT NULL,
  `importe` double NOT NULL,
  `discr` varchar(255) NOT NULL,
  `id_caja` int(11) DEFAULT NULL,
  `id_ctacte_bco` int(11) DEFAULT NULL,
  `numero_cheque` varchar(255) DEFAULT NULL,
  `fecha_pago` date DEFAULT NULL,
  `del_cliente` tinyint(1) DEFAULT NULL,
  `librador` varchar(255) DEFAULT NULL,
  `id_banco` int(11) DEFAULT NULL,
  `ic_cheque_cartera` int(11) DEFAULT NULL,
  `entregado` tinyint(1) DEFAULT NULL,
  `acreditado` tinyint(1) DEFAULT NULL,
  `id_tipo_retencion` int(11) DEFAULT NULL,
  `eliminado` tinyint(1) NOT NULL,
  PRIMARY KEY (`id`),
  KEY `IDX_E865150B649E9D17` (`id_recibo`),
  KEY `IDX_E865150B6F45E807` (`id_caja`),
  KEY `IDX_E865150BFD01C0AB` (`id_ctacte_bco`),
  KEY `IDX_E865150B995BA0E1` (`id_banco`),
  KEY `IDX_E865150BC7BE2F91` (`ic_cheque_cartera`),
  KEY `IDX_E865150B3FB963E2` (`id_tipo_retencion`),
  CONSTRAINT `FK_E865150B3FB963E2` FOREIGN KEY (`id_tipo_retencion`) REFERENCES `tipo_retencion` (`id`),
  CONSTRAINT `FK_E865150B649E9D17` FOREIGN KEY (`id_recibo`) REFERENCES `admin_comprobantes_transaccion` (`id`),
  CONSTRAINT `FK_E865150B6F45E807` FOREIGN KEY (`id_caja`) REFERENCES `finanzas_cajas` (`id`),
  CONSTRAINT `FK_E865150B995BA0E1` FOREIGN KEY (`id_banco`) REFERENCES `finanzas_bancos` (`id`),
  CONSTRAINT `FK_E865150BC7BE2F91` FOREIGN KEY (`ic_cheque_cartera`) REFERENCES `finanzas_metodo_pago_recibo` (`id`),
  CONSTRAINT `FK_E865150BFD01C0AB` FOREIGN KEY (`id_ctacte_bco`) REFERENCES `finanzas_ctas_ctes_banco` (`id`)
) ENGINE=InnoDB AUTO_INCREMENT=43 DEFAULT CHARSET=utf8mb4 COLLATE=utf8mb4_unicode_ci;
/*!40101 SET character_set_client = @saved_cs_client */;

--
-- Dumping data for table `finanzas_metodo_pago_recibo`
--

LOCK TABLES `finanzas_metodo_pago_recibo` WRITE;
/*!40000 ALTER TABLE `finanzas_metodo_pago_recibo` DISABLE KEYS */;
INSERT INTO `finanzas_metodo_pago_recibo` VALUES
(1,2,15000,'MEC',NULL,NULL,'1','2025-09-07',1,'',2,NULL,1,NULL,NULL,0),
(2,6,5000,'MECP',NULL,1,'1','2025-08-29',NULL,NULL,NULL,NULL,NULL,0,NULL,0),
(3,6,15000,'MECC',NULL,NULL,NULL,NULL,NULL,NULL,NULL,1,NULL,NULL,NULL,0),
(4,16,386750,'MEC',NULL,NULL,'111111','2025-08-03',0,'ESUCO',1,NULL,0,NULL,NULL,0),
(5,32,7324116.39,'MET',NULL,1,NULL,NULL,NULL,NULL,NULL,NULL,NULL,NULL,NULL,1),
(6,36,740279.1,'MR',NULL,NULL,NULL,NULL,NULL,NULL,NULL,NULL,NULL,NULL,1,0),
(7,36,88128.46,'MR',NULL,NULL,NULL,NULL,NULL,NULL,NULL,NULL,NULL,NULL,2,0),
(8,36,79315.62,'MR',NULL,NULL,NULL,NULL,NULL,NULL,NULL,NULL,NULL,NULL,4,0),
(9,36,174913.53,'MR',NULL,NULL,NULL,NULL,NULL,NULL,NULL,NULL,NULL,NULL,3,0),
(10,36,7838712.96,'MET',NULL,1,NULL,NULL,NULL,NULL,NULL,NULL,NULL,NULL,NULL,0),
(11,37,80736.2,'MR',NULL,NULL,NULL,NULL,NULL,NULL,NULL,NULL,NULL,NULL,2,0),
(12,37,160128.99,'MR',NULL,NULL,NULL,NULL,NULL,NULL,NULL,NULL,NULL,NULL,3,0),
(13,37,7324116.39,'MET',NULL,1,NULL,NULL,NULL,NULL,NULL,NULL,NULL,NULL,NULL,0),
(14,41,9223800,'MET',NULL,1,NULL,NULL,NULL,NULL,NULL,NULL,NULL,NULL,NULL,0),
(15,41,168655.8,'MR',NULL,NULL,NULL,NULL,NULL,NULL,NULL,NULL,NULL,NULL,3,0),
(16,52,17985710.69,'MET',NULL,1,NULL,NULL,NULL,NULL,NULL,NULL,NULL,NULL,NULL,1),
(17,52,164826.18,'MR',NULL,NULL,NULL,NULL,NULL,NULL,NULL,NULL,NULL,NULL,4,1),
(18,52,1538377.66,'MR',NULL,NULL,NULL,NULL,NULL,NULL,NULL,NULL,NULL,NULL,1,1),
(19,52,364936.99,'MR',NULL,NULL,NULL,NULL,NULL,NULL,NULL,NULL,NULL,NULL,3,1),
(20,52,183140.2,'MR',NULL,NULL,NULL,NULL,NULL,NULL,NULL,NULL,NULL,NULL,2,1),
(21,66,386750,'MET',NULL,1,NULL,NULL,NULL,NULL,NULL,NULL,NULL,NULL,NULL,0),
(22,67,3456740.93,'MET',NULL,1,NULL,NULL,NULL,NULL,NULL,NULL,NULL,NULL,NULL,1),
(23,68,9380464,'MET',NULL,1,NULL,NULL,NULL,NULL,NULL,NULL,NULL,NULL,NULL,0),
(24,69,10896039.39,'MET',NULL,1,NULL,NULL,NULL,NULL,NULL,NULL,NULL,NULL,NULL,1),
(25,70,12634213.27,'MET',NULL,1,NULL,NULL,NULL,NULL,NULL,NULL,NULL,NULL,NULL,0),
(26,71,8921349.67,'MET',NULL,1,NULL,NULL,NULL,NULL,NULL,NULL,NULL,NULL,NULL,1),
(27,72,8921349.67,'MET',NULL,1,NULL,NULL,NULL,NULL,NULL,NULL,NULL,NULL,NULL,0),
(28,73,9392455.8,'MET',NULL,1,NULL,NULL,NULL,NULL,NULL,NULL,NULL,NULL,NULL,0),
(29,74,10165977.9,'MET',NULL,1,NULL,NULL,NULL,NULL,NULL,NULL,NULL,NULL,NULL,0),
(30,75,10497444.75,'MET',NULL,1,NULL,NULL,NULL,NULL,NULL,NULL,NULL,NULL,NULL,0),
(31,76,20221367.4,'MET',NULL,1,NULL,NULL,NULL,NULL,NULL,NULL,NULL,NULL,NULL,0),
(32,84,350000,'MET',NULL,1,NULL,NULL,NULL,NULL,NULL,NULL,NULL,NULL,NULL,0),
(33,85,450000,'MET',NULL,1,NULL,NULL,NULL,NULL,NULL,NULL,NULL,NULL,NULL,0),
(34,94,4769578,'MET',NULL,1,NULL,NULL,NULL,NULL,NULL,NULL,NULL,NULL,NULL,1),
(35,95,4769578,'MET',NULL,1,NULL,NULL,NULL,NULL,NULL,NULL,NULL,NULL,NULL,0),
(36,99,28656.5,'MR',NULL,NULL,NULL,NULL,NULL,NULL,NULL,NULL,NULL,NULL,3,0),
(37,99,13500,'MR',NULL,NULL,NULL,NULL,NULL,NULL,NULL,NULL,NULL,NULL,4,0),
(38,99,1772843.5,'MET',NULL,1,NULL,NULL,NULL,NULL,NULL,NULL,NULL,NULL,NULL,0),
(39,100,10631144.73,'MET',NULL,1,NULL,NULL,NULL,NULL,NULL,NULL,NULL,NULL,NULL,0),
(40,100,195869.98,'MR',NULL,NULL,NULL,NULL,NULL,NULL,NULL,NULL,NULL,NULL,3,0),
(41,100,69024.68,'MR',NULL,NULL,NULL,NULL,NULL,NULL,NULL,NULL,NULL,NULL,4,0),
(42,102,3456740.93,'MET',NULL,1,NULL,NULL,NULL,NULL,NULL,NULL,NULL,NULL,NULL,0);
/*!40000 ALTER TABLE `finanzas_metodo_pago_recibo` ENABLE KEYS */;
UNLOCK TABLES;

--
-- Table structure for table `finanzas_mov_ctas_ctes`
--

DROP TABLE IF EXISTS `finanzas_mov_ctas_ctes`;
/*!40101 SET @saved_cs_client     = @@character_set_client */;
/*!40101 SET character_set_client = utf8mb4 */;
CREATE TABLE `finanzas_mov_ctas_ctes` (
  `id` int(11) NOT NULL AUTO_INCREMENT,
  `id_ctacte` int(11) DEFAULT NULL,
  `id_comprobante` int(11) DEFAULT NULL,
  `id_recibo` int(11) DEFAULT NULL,
  `importe` double NOT NULL,
  `activo` tinyint(1) NOT NULL,
  `detalle` varchar(255) NOT NULL,
  `fecha_alta` datetime NOT NULL,
  `discr` varchar(255) NOT NULL,
  `deleted_at` datetime DEFAULT NULL COMMENT '(DC2Type:datetime_immutable)',
  PRIMARY KEY (`id`),
  KEY `IDX_23CF68E6AA47E38F` (`id_ctacte`),
  KEY `IDX_23CF68E64DCC2375` (`id_comprobante`),
  KEY `IDX_23CF68E6649E9D17` (`id_recibo`),
  CONSTRAINT `FK_23CF68E64DCC2375` FOREIGN KEY (`id_comprobante`) REFERENCES `admin_comprobantes_transaccion` (`id`),
  CONSTRAINT `FK_23CF68E6649E9D17` FOREIGN KEY (`id_recibo`) REFERENCES `admin_comprobantes_transaccion` (`id`),
  CONSTRAINT `FK_23CF68E6AA47E38F` FOREIGN KEY (`id_ctacte`) REFERENCES `finanzas_ctas_ctes` (`id`)
) ENGINE=InnoDB AUTO_INCREMENT=103 DEFAULT CHARSET=utf8mb4 COLLATE=utf8mb4_unicode_ci;
/*!40101 SET character_set_client = @saved_cs_client */;

--
-- Dumping data for table `finanzas_mov_ctas_ctes`
--

LOCK TABLES `finanzas_mov_ctas_ctes` WRITE;
/*!40000 ALTER TABLE `finanzas_mov_ctas_ctes` DISABLE KEYS */;
INSERT INTO `finanzas_mov_ctas_ctes` VALUES
(1,1,1,NULL,150000,1,'Factura  A 1 1','2025-08-01 00:00:00','MVTA','2025-08-02 13:01:35'),
(2,1,NULL,2,15000,1,'Recibo','2025-08-01 00:00:00','MPAY','2025-08-02 13:01:29'),
(3,2,3,NULL,2222222,1,'Factura  A  1','2025-08-15 00:00:00','MVTA','2025-08-21 12:58:32'),
(4,2,4,NULL,123445,1,'Factura  A  2','2025-09-06 00:00:00','MVTA','2025-08-18 20:24:46'),
(5,3,5,NULL,150000000,1,'Factura  A 1 2','2025-08-29 00:00:00','MVTA','2025-08-02 13:47:12'),
(6,3,NULL,6,20000,1,'Recibo','2025-08-16 00:00:00','MPAY','2025-08-02 13:47:14'),
(7,4,7,NULL,9392455.8,1,'Factura  A 2 86','2025-07-01 00:00:00','MVTA',NULL),
(8,4,8,NULL,10165977.9,1,'Factura  A 2 87','2025-07-03 00:00:00','MVTA',NULL),
(9,4,9,NULL,10497444.75,1,'Factura  A 2 88','2025-07-03 00:00:00','MVTA',NULL),
(10,4,10,NULL,20221367.4,1,'Factura  A 2 89','2025-07-03 00:00:00','MVTA',NULL),
(12,4,12,NULL,9392455.8,1,'Factura  A 2 92','2025-08-01 00:00:00','MVTA','2025-08-05 20:16:28'),
(13,1,13,NULL,386750,1,'Factura  A 2 424','2025-07-01 00:00:00','MVTA',NULL),
(14,4,14,NULL,12171160.62,1,'Factura  A 2 436','2025-07-21 00:00:00','MVTA','2025-08-18 20:13:32'),
(15,1,15,NULL,18256740.93,1,'Factura  A 2 436','2025-07-21 00:00:00','MVTA',NULL),
(16,1,NULL,16,386750,1,'Recibo','2025-07-28 00:00:00','MPAY',NULL),
(17,1,17,NULL,19916444.64,1,'Factura  A 2 442','2025-08-01 00:00:00','MVTA',NULL),
(18,2,18,NULL,9380464.53,1,'Factura  A 2 441','2025-08-01 00:00:00','MVTA',NULL),
(19,5,19,NULL,10358461.94,1,'Factura  A 2 903','2025-07-22 00:00:00','MVTA','2025-08-02 13:28:43'),
(20,5,20,NULL,10357021.94,1,'Factura  A 2 903','2025-07-22 00:00:00','MVTA',NULL),
(21,5,21,NULL,6790942.7,1,'Factura  A 2 904','2025-07-22 00:00:00','MVTA',NULL),
(22,5,22,NULL,3090072.02,1,'Factura  A 2 905','2025-07-22 00:00:00','MVTA',NULL),
(23,6,23,NULL,8921349.67,1,'Factura  A 2 90','2025-07-03 00:00:00','MVTA',NULL),
(24,6,24,NULL,8827048.68,1,'Factura  A 2 91','2025-07-30 00:00:00','MVTA',NULL),
(25,4,25,NULL,9705537.66,1,'Factura  A 2 93','2025-08-04 00:00:00','MVTA',NULL),
(26,7,26,NULL,350000,1,'Factura  B 2 417','2025-08-04 00:00:00','MVTA','2025-08-05 20:25:31'),
(27,4,27,NULL,10504843.83,1,'Factura  A 2 94','2025-08-05 00:00:00','MVTA',NULL),
(28,8,28,NULL,350000,1,'Factura  B 2 417','2025-08-04 00:00:00','MVTA',NULL),
(29,4,29,NULL,10847359.58,1,'Factura  A 2 95','2025-08-06 00:00:00','MVTA',NULL),
(30,4,30,NULL,20895412.98,1,'Factura  A 2 96','2025-08-06 00:00:00','MVTA',NULL),
(31,4,31,NULL,10497444.75,1,'Factura  A 2 97','2025-08-06 00:00:00','MVTA',NULL),
(32,2,NULL,32,7324116.39,1,'Recibo','2025-08-06 00:00:00','MPAY','2025-09-12 14:57:56'),
(34,10,34,NULL,739416.92,1,'Factura  A 2 443','2025-08-05 00:00:00','MVTA',NULL),
(35,10,35,NULL,408980,1,'Factura  A 2 444','2025-08-05 00:00:00','MVTA',NULL),
(36,6,NULL,36,8921349.67,1,'Recibo','2025-07-10 00:00:00','MPAY','2025-08-14 13:08:06'),
(37,6,NULL,37,7564981.58,1,'Recibo','2025-08-06 00:00:00','MPAY',NULL),
(38,10,38,NULL,581526,1,'Factura  A 2 445','2025-08-07 00:00:00','MVTA',NULL),
(39,10,39,NULL,2844190.38,1,'Factura  A 2 446','2025-08-08 00:00:00','MVTA',NULL),
(40,8,40,NULL,450000,1,'Factura  B 2 418','2025-08-13 00:00:00','MVTA',NULL),
(41,4,NULL,41,9392455.8,1,'Recibo','2025-08-14 00:00:00','MPAY',NULL),
(42,8,42,NULL,2400000,1,'Factura  B 2 419','2025-08-18 00:00:00','MVTA',NULL),
(43,1,43,NULL,6085580.31,1,'Factura  A 2 448','2025-08-18 00:00:00','MVTA','2025-08-18 20:17:10'),
(44,1,44,NULL,27126261.97,1,'Factura  A 2 448','2025-08-18 00:00:00','MVTA',NULL),
(45,2,45,NULL,12634213.27,1,'Factura  A 2 449','2025-08-18 00:00:00','MVTA',NULL),
(46,11,46,NULL,10357024.44,1,'Factura  A 2 906','2025-08-19 00:00:00','MVTA','2025-08-19 17:45:16'),
(47,5,47,NULL,10357024.44,1,'Factura  A 2 906','2025-08-19 00:00:00','MVTA',NULL),
(48,5,48,NULL,7055108.97,1,'Factura  A 2 907','2025-08-19 00:00:00','MVTA',NULL),
(49,5,49,NULL,2934348.14,1,'Factura  A 2 908','2025-08-19 00:00:00','MVTA',NULL),
(50,12,50,NULL,1400000,1,'Factura  B 2 420','2025-08-19 00:00:00','MVTA',NULL),
(51,13,51,NULL,1400000,1,'Factura  B 2 421','2025-08-19 00:00:00','MVTA',NULL),
(52,14,NULL,52,20236991.72,1,'Recibo','2025-08-06 00:00:00','MPAY','2025-09-17 12:08:10'),
(53,15,53,NULL,895050,1,'Factura  B 0002 000086','2025-09-09 00:00:00','MVTA',NULL),
(54,1,54,NULL,27221994.93065,1,'Factura  A 0002 000451','2025-09-01 00:00:00','MVTA',NULL),
(55,14,55,NULL,1815000,1,'Factura  A 0002 000909','2025-09-03 00:00:00','MVTA',NULL),
(56,2,56,NULL,10896039.38865,1,'Factura  A 0002 000452','2025-09-03 00:00:00','MVTA',NULL),
(57,16,57,NULL,685100,1,'Factura  B 0002 000425','2025-09-03 00:00:00','MVTA',NULL),
(58,4,58,NULL,9705537.66,1,'Factura  A 0002 000099','2025-09-01 00:00:00','MVTA',NULL),
(59,4,59,NULL,20895412.98,1,'Factura  A 0002 000100','2025-09-01 00:00:00','MVTA',NULL),
(60,4,60,NULL,10504843.83,1,'Factura  A 0002 000101','2025-09-02 00:00:00','MVTA',NULL),
(61,4,61,NULL,10847359.575,1,'Factura  A 0002 000102','2025-09-04 00:00:00','MVTA',NULL),
(62,4,62,NULL,10497444.75,1,'Factura  A 0002 000103','2025-09-04 00:00:00','MVTA',NULL),
(63,6,63,NULL,10226817.02315,1,'Factura  A 0002 000098','2025-08-28 00:00:00','MVTA',NULL),
(64,17,64,NULL,2128753,1,'Factura  A 0002 000456','2025-09-12 00:00:00','MVTA',NULL),
(65,8,65,NULL,464100,1,'Factura  B 0002 000426','2025-09-10 00:00:00','MVTA','2025-09-12 17:41:25'),
(66,1,NULL,66,386750,1,'Recibo','2025-07-28 00:00:00','MPAY',NULL),
(67,1,NULL,67,3456740.93,1,'Recibo','2025-09-11 00:00:00','MPAY','2025-09-17 21:18:14'),
(68,2,NULL,68,9380464,1,'Recibo','2025-08-21 00:00:00','MPAY',NULL),
(69,2,NULL,69,10896039.39,1,'Recibo','2025-08-21 00:00:00','MPAY','2025-09-12 14:59:04'),
(70,2,NULL,70,12634213.27,1,'Recibo','2025-08-21 00:00:00','MPAY',NULL),
(71,2,NULL,71,8921349.67,1,'Recibo','2025-08-03 00:00:00','MPAY','2025-09-17 12:10:28'),
(72,6,NULL,72,8921349.67,1,'Recibo','2025-08-03 00:00:00','MPAY',NULL),
(73,4,NULL,73,9392455.8,1,'Recibo','2025-08-20 00:00:00','MPAY',NULL),
(74,4,NULL,74,10165977.9,1,'Recibo','2025-08-20 00:00:00','MPAY',NULL),
(75,4,NULL,75,10497444.75,1,'Recibo','2025-09-03 00:00:00','MPAY',NULL),
(76,4,NULL,76,20221367.4,1,'Recibo','2025-09-03 00:00:00','MPAY',NULL),
(77,7,77,NULL,342550,1,'Factura  B 0002 000422','2025-08-21 00:00:00','MVTA','2025-09-12 17:38:03'),
(78,8,78,NULL,342550,1,'Factura  B 0002 000422','2025-08-21 00:00:00','MVTA','2025-09-12 17:41:12'),
(79,8,79,NULL,839800,1,'Factura  B 0002 000423','2025-08-25 00:00:00','MVTA','2025-09-12 17:41:20'),
(80,8,80,NULL,342550,1,'Factura  B 0002 000422','2025-08-21 00:00:00','MVTA','2025-09-12 17:42:30'),
(81,8,81,NULL,310000,1,'Factura  B 0002 000422','2025-08-21 00:00:00','MVTA',NULL),
(82,8,82,NULL,760000,1,'Factura  B 0002 000423','2025-08-25 00:00:00','MVTA',NULL),
(83,8,83,NULL,420000,1,'Factura  B 0002 000426','2025-09-10 00:00:00','MVTA',NULL),
(84,8,NULL,84,350000,1,'Recibo','2025-08-22 00:00:00','MPAY',NULL),
(85,8,NULL,85,450000,1,'Recibo','2025-09-08 00:00:00','MPAY',NULL),
(86,12,86,NULL,1400000,1,'Factura  B 0002 000421','2025-08-19 00:00:00','MVTA',NULL),
(87,16,87,NULL,720000,1,'Factura  B 0002 000424','2025-08-25 00:00:00','MVTA',NULL),
(88,15,88,NULL,810000,1,'Factura  B 0002 000086','2025-09-09 00:00:00','MVTA',NULL),
(89,5,89,NULL,10357024.444,1,'Factura  A 0002 000910','2025-09-15 00:00:00','MVTA',NULL),
(90,5,90,NULL,7055108.97,1,'Factura  A 0002 000911','2025-09-15 00:00:00','MVTA',NULL),
(91,5,91,NULL,2805547.7944,1,'Factura  A 0002 000912','2025-09-15 00:00:00','MVTA',NULL),
(92,14,92,NULL,1875500,1,'Factura  A 0002 000913','2025-09-15 00:00:00','MVTA',NULL),
(93,17,93,NULL,4769578,1,'Factura  A 0002 000450','2025-08-22 00:00:00','MVTA',NULL),
(94,17,NULL,94,4769578,1,'Recibo','2025-08-30 00:00:00','MPAY','2025-09-16 12:21:16'),
(95,17,NULL,95,4769578,1,'Recibo','2025-08-30 00:00:00','MPAY',NULL),
(96,2,96,NULL,14096138.0963,1,'Factura  A 0002 000457','2025-09-16 00:00:00','MVTA',NULL),
(97,1,97,NULL,22369186.619,1,'Factura  A 0002 000458','2025-09-16 00:00:00','MVTA',NULL),
(98,1,98,NULL,1768000,1,'Factura  A 0002 000459','2025-09-16 00:00:00','MVTA','2025-09-17 21:13:27'),
(99,14,NULL,99,1815000,1,'Recibo','2025-09-16 00:00:00','MPAY',NULL),
(100,2,NULL,100,10896039.39,1,'Recibo','2025-09-16 00:00:00','MPAY',NULL),
(101,1,101,NULL,1326000,1,'Factura  A 0002 000460','2025-09-17 00:00:00','MVTA',NULL),
(102,1,NULL,102,3456740.93,1,'Recibo','2025-09-11 00:00:00','MPAY',NULL);
/*!40000 ALTER TABLE `finanzas_mov_ctas_ctes` ENABLE KEYS */;
UNLOCK TABLES;

--
-- Table structure for table `finanzas_movimiento_factura_recibo`
--

DROP TABLE IF EXISTS `finanzas_movimiento_factura_recibo`;
/*!40101 SET @saved_cs_client     = @@character_set_client */;
/*!40101 SET character_set_client = utf8mb4 */;
CREATE TABLE `finanzas_movimiento_factura_recibo` (
  `id` int(11) NOT NULL AUTO_INCREMENT,
  `id_recibo` int(11) DEFAULT NULL,
  `id_comprobante` int(11) DEFAULT NULL,
  `importe` double NOT NULL,
  PRIMARY KEY (`id`),
  KEY `IDX_C1B6905D649E9D17` (`id_recibo`),
  KEY `IDX_C1B6905D4DCC2375` (`id_comprobante`),
  CONSTRAINT `FK_C1B6905D4DCC2375` FOREIGN KEY (`id_comprobante`) REFERENCES `admin_comprobantes_transaccion` (`id`),
  CONSTRAINT `FK_C1B6905D649E9D17` FOREIGN KEY (`id_recibo`) REFERENCES `admin_comprobantes_transaccion` (`id`)
) ENGINE=InnoDB AUTO_INCREMENT=17 DEFAULT CHARSET=utf8mb4 COLLATE=utf8mb4_unicode_ci;
/*!40101 SET character_set_client = @saved_cs_client */;

--
-- Dumping data for table `finanzas_movimiento_factura_recibo`
--

LOCK TABLES `finanzas_movimiento_factura_recibo` WRITE;
/*!40000 ALTER TABLE `finanzas_movimiento_factura_recibo` DISABLE KEYS */;
INSERT INTO `finanzas_movimiento_factura_recibo` VALUES
(1,16,13,386750),
(2,2,1,15000),
(3,67,15,3456740.93),
(4,68,18,9380464),
(5,70,45,12634213.27),
(6,72,23,8921349.67),
(7,73,7,9392455.8),
(8,74,8,10165977.9),
(9,75,9,10497444.75),
(10,76,10,20221367.4),
(11,84,26,350000),
(12,85,40,450000),
(13,94,93,4769578),
(14,99,55,1815000),
(15,100,56,10896039.39),
(16,102,15,3456740.93);
/*!40000 ALTER TABLE `finanzas_movimiento_factura_recibo` ENABLE KEYS */;
UNLOCK TABLES;

--
-- Table structure for table `resp_iva`
--

DROP TABLE IF EXISTS `resp_iva`;
/*!40101 SET @saved_cs_client     = @@character_set_client */;
/*!40101 SET character_set_client = utf8mb4 */;
CREATE TABLE `resp_iva` (
  `id` int(11) NOT NULL AUTO_INCREMENT,
  `nombre` varchar(255) NOT NULL,
  `activo` tinyint(1) NOT NULL,
  PRIMARY KEY (`id`)
) ENGINE=InnoDB DEFAULT CHARSET=utf8mb4 COLLATE=utf8mb4_unicode_ci;
/*!40101 SET character_set_client = @saved_cs_client */;

--
-- Dumping data for table `resp_iva`
--

LOCK TABLES `resp_iva` WRITE;
/*!40000 ALTER TABLE `resp_iva` DISABLE KEYS */;
/*!40000 ALTER TABLE `resp_iva` ENABLE KEYS */;
UNLOCK TABLES;

--
-- Table structure for table `rrhh_empleados`
--

DROP TABLE IF EXISTS `rrhh_empleados`;
/*!40101 SET @saved_cs_client     = @@character_set_client */;
/*!40101 SET character_set_client = utf8mb4 */;
CREATE TABLE `rrhh_empleados` (
  `id` int(11) NOT NULL AUTO_INCREMENT,
  `id_puesto` int(11) DEFAULT NULL,
  `apellido` varchar(255) NOT NULL,
  `nombre` varchar(255) NOT NULL,
  `legajo` int(11) NOT NULL,
  `direccion` varchar(255) DEFAULT NULL,
  `telefono` varchar(255) DEFAULT NULL,
  `cuil` int(11) DEFAULT NULL,
  `dni` int(11) DEFAULT NULL,
  `fecha_ingreso` datetime DEFAULT NULL,
  PRIMARY KEY (`id`),
  KEY `IDX_F4FF456C61F46733` (`id_puesto`),
  CONSTRAINT `FK_F4FF456C61F46733` FOREIGN KEY (`id_puesto`) REFERENCES `rrhh_puestos` (`id`)
) ENGINE=InnoDB DEFAULT CHARSET=utf8mb4 COLLATE=utf8mb4_unicode_ci;
/*!40101 SET character_set_client = @saved_cs_client */;

--
-- Dumping data for table `rrhh_empleados`
--

LOCK TABLES `rrhh_empleados` WRITE;
/*!40000 ALTER TABLE `rrhh_empleados` DISABLE KEYS */;
/*!40000 ALTER TABLE `rrhh_empleados` ENABLE KEYS */;
UNLOCK TABLES;

--
-- Table structure for table `rrhh_puestos`
--

DROP TABLE IF EXISTS `rrhh_puestos`;
/*!40101 SET @saved_cs_client     = @@character_set_client */;
/*!40101 SET character_set_client = utf8mb4 */;
CREATE TABLE `rrhh_puestos` (
  `id` int(11) NOT NULL AUTO_INCREMENT,
  `nombre` varchar(255) NOT NULL,
  `activo` tinyint(1) NOT NULL,
  PRIMARY KEY (`id`)
) ENGINE=InnoDB DEFAULT CHARSET=utf8mb4 COLLATE=utf8mb4_unicode_ci;
/*!40101 SET character_set_client = @saved_cs_client */;

--
-- Dumping data for table `rrhh_puestos`
--

LOCK TABLES `rrhh_puestos` WRITE;
/*!40000 ALTER TABLE `rrhh_puestos` DISABLE KEYS */;
/*!40000 ALTER TABLE `rrhh_puestos` ENABLE KEYS */;
UNLOCK TABLES;

--
-- Table structure for table `system_user`
--

DROP TABLE IF EXISTS `system_user`;
/*!40101 SET @saved_cs_client     = @@character_set_client */;
/*!40101 SET character_set_client = utf8mb4 */;
CREATE TABLE `system_user` (
  `id` int(11) NOT NULL AUTO_INCREMENT,
  `username` varchar(180) NOT NULL,
  `apellido` varchar(180) DEFAULT NULL,
  `nombre` varchar(180) DEFAULT NULL,
  `roles` longtext CHARACTER SET utf8mb4 COLLATE utf8mb4_bin NOT NULL COMMENT '(DC2Type:json)' CHECK (json_valid(`roles`)),
  `password` varchar(255) NOT NULL,
  PRIMARY KEY (`id`),
  UNIQUE KEY `UNIQ_IDENTIFIER_USERNAME` (`username`)
) ENGINE=InnoDB AUTO_INCREMENT=3 DEFAULT CHARSET=utf8mb4 COLLATE=utf8mb4_unicode_ci;
/*!40101 SET character_set_client = @saved_cs_client */;

--
-- Dumping data for table `system_user`
--

LOCK TABLES `system_user` WRITE;
/*!40000 ALTER TABLE `system_user` DISABLE KEYS */;
INSERT INTO `system_user` VALUES
(1,'administrador','Administrador','Sistema','[]','$2y$13$KNRb90ENIyRTnSZ3q/ywD.35n6eEiKP3CyK.akBXl2pSjb0/yp3XC'),
(2,'juliana','Juliana','MercedesBus','[]','$2y$13$DSt.zDL6t6notPU/VKyPae1NzU0jMggejOuktlgxhANN2RNOQhdWq');
/*!40000 ALTER TABLE `system_user` ENABLE KEYS */;
UNLOCK TABLES;

--
-- Table structure for table `tipo_retencion`
--

DROP TABLE IF EXISTS `tipo_retencion`;
/*!40101 SET @saved_cs_client     = @@character_set_client */;
/*!40101 SET character_set_client = utf8mb4 */;
CREATE TABLE `tipo_retencion` (
  `id` int(11) NOT NULL AUTO_INCREMENT,
  `nombre` varchar(255) NOT NULL,
  PRIMARY KEY (`id`)
) ENGINE=InnoDB AUTO_INCREMENT=5 DEFAULT CHARSET=utf8mb4 COLLATE=utf8mb4_unicode_ci;
/*!40101 SET character_set_client = @saved_cs_client */;

--
-- Dumping data for table `tipo_retencion`
--

LOCK TABLES `tipo_retencion` WRITE;
/*!40000 ALTER TABLE `tipo_retencion` DISABLE KEYS */;
INSERT INTO `tipo_retencion` VALUES
(1,'Retencion IVA'),
(2,'Retencion SUSS'),
(3,'Retencion Ganancias'),
(4,'Retencion IIBB - Buenos Aires');
/*!40000 ALTER TABLE `tipo_retencion` ENABLE KEYS */;
UNLOCK TABLES;
/*!40103 SET TIME_ZONE=@OLD_TIME_ZONE */;

/*!40101 SET SQL_MODE=@OLD_SQL_MODE */;
/*!40014 SET FOREIGN_KEY_CHECKS=@OLD_FOREIGN_KEY_CHECKS */;
/*!40014 SET UNIQUE_CHECKS=@OLD_UNIQUE_CHECKS */;
/*!40101 SET CHARACTER_SET_CLIENT=@OLD_CHARACTER_SET_CLIENT */;
/*!40101 SET CHARACTER_SET_RESULTS=@OLD_CHARACTER_SET_RESULTS */;
/*!40101 SET COLLATION_CONNECTION=@OLD_COLLATION_CONNECTION */;
/*!40111 SET SQL_NOTES=@OLD_SQL_NOTES */;

-- Dump completed on 2025-09-17 23:19:06
